{
  "position": {
    "x": -0.1289205886659689,
    "y": -0.030000000000000027,
    "z": -0.16517911099818178
  },
  "rotation": {
    "x": 0,
    "y": 2.4599999999999915,
    "z": 0
  },
  "scale": {
    "x": 0.5863913642507415,
    "y": 0.5863913642507415,
    "z": 0.5863913642507415
  },
  "savedAt": "2025-09-08T15:06:05.082Z"
}